{
  "accuracy": [
    0.9579607844352722,
    0.9734956622123718,
    0.9743833541870117,
    0.9801534414291382,
    0.975714921951294,
    0.9800900220870972,
    0.9797729849815369,
    0.9825629591941833,
    0.9855430722236633,
    0.9859869480133057,
    0.9766026139259338,
    0.983197033405304,
    0.9866210222244263,
    0.986303985118866,
    0.9887768626213074,
    0.9904888868331909,
    0.9909961223602295,
    0.9916936159133911,
    0.9922642707824707,
    0.9924545288085938,
    0.9942933320999146,
    0.9940397143363953,
    0.9951810240745544,
    0.9962589740753174,
    0.9954980611801147
  ],
  "loss": [
    0.127646803855896,
    0.08118876814842224,
    0.07674326002597809,
    0.06328590959310532,
    0.06925522536039352,
    0.061122797429561615,
    0.05996314808726311,
    0.05024668201804161,
    0.047093410044908524,
    0.044269394129514694,
    0.0712076798081398,
    0.05379696935415268,
    0.0427081473171711,
    0.04132405295968056,
    0.035159461200237274,
    0.030026620253920555,
    0.027920536696910858,
    0.02591085433959961,
    0.02383795753121376,
    0.02210739441215992,
    0.016801264137029648,
    0.019378015771508217,
    0.01418708823621273,
    0.012370562180876732,
    0.013467234559357166
  ],
  "val_accuracy": [
    0.9949264526367188,
    0.9934043884277344,
    0.995941162109375,
    0.9939117431640625,
    0.9903602004051208,
    0.9954338073730469,
    0.995941162109375,
    0.9949264526367188,
    0.9984779357910156,
    0.9974632263183594,
    0.9969558715820312,
    0.9984779357910156,
    0.9979705810546875,
    0.9979705810546875,
    0.9989852905273438,
    0.9979705810546875,
    0.9979705810546875,
    0.9979705810546875,
    0.9984779357910156,
    0.9979705810546875,
    0.9974632263183594,
    0.9984779357910156,
    0.9984779357910156,
    0.9989852905273438,
    0.9979705810546875
  ],
  "val_loss": [
    0.015262104570865631,
    0.01918836124241352,
    0.014597109518945217,
    0.016507063060998917,
    0.027876680716872215,
    0.01929572969675064,
    0.01518480945378542,
    0.01736435294151306,
    0.008984527550637722,
    0.009671350941061974,
    0.011288871057331562,
    0.007510366849601269,
    0.006521007977426052,
    0.0062386454083025455,
    0.005231947172433138,
    0.006912488956004381,
    0.004641061183065176,
    0.004790301900357008,
    0.005148007534444332,
    0.005254336167126894,
    0.007286162115633488,
    0.005244673229753971,
    0.004694388713687658,
    0.004396222531795502,
    0.005720152053982019
  ],
  "learning_rate": [
    0.0010000000474974513,
    0.0010000000474974513,
    0.0010000000474974513,
    0.0010000000474974513,
    0.0010000000474974513,
    0.0010000000474974513,
    0.0010000000474974513,
    0.0010000000474974513,
    0.0005000000237487257,
    0.0005000000237487257,
    9.999999747378752e-06,
    9.999999747378752e-06,
    9.999999747378752e-06,
    9.999999747378752e-06,
    9.999999747378752e-06,
    9.999999747378752e-06,
    9.999999747378752e-06,
    9.999999747378752e-06,
    9.999999747378752e-06,
    9.999999747378752e-06,
    9.999999747378752e-06,
    9.999999747378752e-06,
    4.999999873689376e-06,
    4.999999873689376e-06,
    4.999999873689376e-06
  ]
}