{
  "accuracy": [
    0.9639845490455627,
    0.9791389107704163,
    0.9814215898513794,
    0.9850992560386658,
    0.9847187995910645,
    0.9868112206459045,
    0.9871282577514648,
    0.9874452948570251,
    0.9873818755149841,
    0.988332986831665,
    0.9786316752433777,
    0.9843383431434631,
    0.9889671206474304,
    0.9890938997268677,
    0.9906156659126282,
    0.9922008514404297,
    0.992771565914154,
    0.9931519627571106,
    0.9942299127578735,
    0.9939762949943542,
    0.9953712224960327,
    0.995751678943634,
    0.9962589740753174,
    0.9965125918388367,
    0.996956467628479,
    0.9971466660499573,
    0.9967027902603149,
    0.9960687160491943,
    0.9970832467079163,
    0.9980343580245972,
    0.9974002838134766,
    0.9975271224975586,
    0.9983513951301575,
    0.9984148144721985
  ],
  "loss": [
    0.35299330949783325,
    0.3140406608581543,
    0.30797457695007324,
    0.30109813809394836,
    0.29786601662635803,
    0.29611074924468994,
    0.2924935221672058,
    0.2914300858974457,
    0.29279428720474243,
    0.2907507121562958,
    0.31459105014801025,
    0.297130823135376,
    0.2883424460887909,
    0.28411298990249634,
    0.280129998922348,
    0.2766595184803009,
    0.27429860830307007,
    0.2736922800540924,
    0.2702249586582184,
    0.26960480213165283,
    0.2664019465446472,
    0.26672109961509705,
    0.26400089263916016,
    0.26308146119117737,
    0.26229727268218994,
    0.26157358288764954,
    0.2617316246032715,
    0.2619147300720215,
    0.2602333724498749,
    0.2587418258190155,
    0.2588774263858795,
    0.2590494453907013,
    0.25742632150650024,
    0.2558409571647644
  ],
  "val_accuracy": [
    0.995941162109375,
    0.9964485168457031,
    0.995941162109375,
    0.9969558715820312,
    0.9949264526367188,
    0.9969558715820312,
    0.9974632263183594,
    0.9969558715820312,
    0.9964485168457031,
    0.9974632263183594,
    0.9969558715820312,
    0.9974632263183594,
    0.9974632263183594,
    0.9974632263183594,
    0.9974632263183594,
    0.9979705810546875,
    0.9979705810546875,
    0.9979705810546875,
    0.9979705810546875,
    0.9984779357910156,
    0.9979705810546875,
    0.9984779357910156,
    0.9989852905273438,
    0.9994926452636719,
    0.9984779357910156,
    0.9994926452636719,
    0.9989852905273438,
    0.9984779357910156,
    0.9994926452636719,
    0.9994926452636719,
    0.9994926452636719,
    0.9994926452636719,
    0.9994926452636719,
    0.9994926452636719
  ],
  "val_loss": [
    0.24956835806369781,
    0.2557888627052307,
    0.2478620857000351,
    0.24349737167358398,
    0.2533840835094452,
    0.2421238273382187,
    0.23983325064182281,
    0.24673090875148773,
    0.24564920365810394,
    0.24109245836734772,
    0.24333958327770233,
    0.2404349446296692,
    0.23993179202079773,
    0.23795701563358307,
    0.23935575783252716,
    0.2375919222831726,
    0.23693664371967316,
    0.2372923344373703,
    0.23553109169006348,
    0.23674432933330536,
    0.23666241765022278,
    0.2365763634443283,
    0.23593968152999878,
    0.23482349514961243,
    0.23467308282852173,
    0.23326805233955383,
    0.23388001322746277,
    0.23440782725811005,
    0.2335846871137619,
    0.2330816239118576,
    0.2332364171743393,
    0.23230168223381042,
    0.2320902794599533,
    0.23104384541511536
  ],
  "learning_rate": [
    0.0010000000474974513,
    0.0010000000474974513,
    0.0010000000474974513,
    0.0010000000474974513,
    0.0010000000474974513,
    0.0010000000474974513,
    0.0010000000474974513,
    0.0010000000474974513,
    0.0010000000474974513,
    0.0010000000474974513,
    9.999999747378752e-06,
    9.999999747378752e-06,
    9.999999747378752e-06,
    9.999999747378752e-06,
    9.999999747378752e-06,
    9.999999747378752e-06,
    9.999999747378752e-06,
    9.999999747378752e-06,
    9.999999747378752e-06,
    9.999999747378752e-06,
    9.999999747378752e-06,
    9.999999747378752e-06,
    9.999999747378752e-06,
    9.999999747378752e-06,
    9.999999747378752e-06,
    9.999999747378752e-06,
    9.999999747378752e-06,
    9.999999747378752e-06,
    9.999999747378752e-06,
    9.999999747378752e-06,
    9.999999747378752e-06,
    9.999999747378752e-06,
    9.999999747378752e-06,
    9.999999747378752e-06
  ]
}